Serviços;Local;Area;Negativas
acupuntura;panturrilha;sp;four
anma;gravida;horario;intima
aromaterapia;pescoso;agendamento;four hands
auricolo;desportiva;mulheres;fourhands
auricoloterapia;coluna;seção;boa
clinica;modeladora;Perdizes;feliz
detox;barriga;sumare;end
drenagem;cocha;preco;lindas
drenodetox;mão;whatsapp;puta
esparadrapoterapia;perna;vila romana;gp
fitoterapia;pescoço;telefone;acompanhante
jikiden;gestante;qualidade;massacanagem
jikiden reiki;cotovelo;lapa;casal
liberacao;chinesa;barra funda;happy
massagem;pé;sessao;hand
massagista;terapeutica;sao paulo;final
massoterapia;coxa;vila pompeia;psciologo
reflexologia;braco;alfonso bovero;garota
reiki;costa;espaço;lndas
shiatsu;pescosso;heitor penteado;confidencial
spiraltaping;corporal;local;aparelho
terapeutas;costas;segura;aprender
terapia;cabeca;;aula
tuina;relaxante;;bolas
ventosa;holistica;;bunda
ventosaterapia;lombalgia;;bunduda
;profunda;;cada
;amassamento;;cadeira
;alternativa;;casa
;ayurverdica;;cmo
;pós-operatório;;como
;colica;;curso
;lesao;;ejaculação
;artrose;;
;pressão;;
;desanimo;;
;qualidade;;
;circulação;;
;cansada;;
;cervicalgia;;
;individual;;
;cancer;;
;chao;;
;oleo;;
;ernia;;
;complementar;;
;localizada;;
;natural;;
;muscular;;
;oleos vegetais;;
;quimiterapicos;;
;tenossinovite;;fourhand
;idoso;;
;pós-exercício;;
;floral;;
;equilibrio;;gata
;radioterapicos;;
;escoliose;;gostosa
;levantamento de peso;;
;imunidade;;
;Fibromialgia;;
;humor;;
;rejuvenecer;;
;ernia de disco;;japa
;miofascial;;
;facial;;
;nervos;;
;bursite;;loira
;hidratante;;
;linfatica;;
;edema;;menina
;mulher;;
;clinica;;meninas
;estimulante;;
;classica;;morena
;polegares;;
;cansaco;;nu
;malhacao;;nuru
;depressao;;olx
;ayurveda;;pelada
;antistress;;pelado
;aroma;;peniana
;bem estar;;penis
;florais;;
;dor;;punheta
;podal;;
;rejuvenecedora;;
;artrite;;rabeta
;lordose;;
;energetica;;rabo
;inverno;;
;antiestresse;;rabuda
;maca;;
;balanceada;;rio de janeiro
;profissional;;secreto
;esporte;;segredo
;detox;;senac
;dormir;;sensitiva
;amassando;;
;pânico;;sensual
;anemia;;
;insonia;;sexual
;face;;tailandesa
;estresse;;tantra
;ansiedade;;tantrazen
;musculo;;tantrica
;energia;;turbinada
;relaxamento;;
;renovadora;;
;reumatismo;;
;rosto;;
;saldavel;;
;sifose;;
;sinusite;;
;stress;;
;tendinite;;
;tensao;;
;tensao muscular;;
;tonificacao;;
;toxina;;
;tronco;;
;tuina;;
;velho;;
;ventosa;;
;vital;;